study_hours,attendance_percent,previous_score,sleep_hours,assignments_completed,final_exam_score
4.75,66.29,71.73,7.97,7,96.68
7.48,94.49,88.15,4.18,7,119.38
1.0,87.59,73.47,4.96,8,75.42
3.72,88.13,53.84,8.89,1,83.45
2.32,73.47,56.29,8.8,10,90.48
1.83,60.54,69.31,6.78,5,74.4
2.68,52.07,92.91,7.23,5,84.19
4.11,66.09,50.15,5.36,9,79.2
4.57,51.86,68.04,8.76,10,91.58
5.85,84.69,58.91,7.35,1,95.3
4.77,83.52,82.33,7.33,5,106.93
7.17,71.52,84.16,4.06,10,114.43
2.84,88.39,63.35,8.26,6,89.03
8.9,76.8,51.23,7.89,10,120.82
1.25,51.99,43.69,7.42,3,60.41
7.03,56.74,50.93,7.7,10,104.72
4.76,59.67,54.98,4.78,1,72.89
6.03,66.78,72.93,7.59,6,106.58
2.26,52.62,88.02,4.48,3,80.5
2.78,80.26,47.05,7.53,10,90.38
8.21,75.6,92.7,4.01,5,120.66
9.71,80.87,77.57,7.88,8,128.57
3.82,71.62,80.81,6.46,6,95.46
7.23,92.39,94.06,5.02,7,123.58
8.89,72.7,62.89,7.65,10,122.2
9.05,50.77,69.24,5.58,3,104.9
1.77,93.65,77.36,8.42,7,96.84
1.35,82.81,68.21,4.9,6,75.36
2.53,91.15,56.45,8.69,10,89.92
8.9,97.59,45.8,8.85,2,110.18
1.89,52.55,55.67,5.52,10,75.52
4.79,61.75,82.29,8.31,7,104.44
9.62,53.17,75.24,8.21,8,127.19
5.8,71.08,84.07,6.12,5,104.25
7.23,93.19,68.44,5.82,10,113.45
3.84,54.08,52.77,5.41,7,78.13
7.18,73.66,74.54,8.97,0,109.28
8.51,56.28,56.72,5.28,5,107.32
1.16,88.64,41.62,8.6,1,66.93
7.75,92.07,89.68,6.14,3,122.86
9.9,52.16,63.12,8.68,9,120.06
7.73,74.32,63.44,8.19,1,105.76
3.52,61.97,80.77,4.78,0,72.28
8.1,97.62,92.17,6.87,4,127.66
1.93,97.19,43.99,7.37,6,76.44
5.03,80.7,49.5,6.03,1,84.85
9.18,98.67,57.73,4.02,2,106.35
3.64,67.24,53.66,5.63,5,78.82
3.59,94.89,67.25,8.19,3,91.96
2.17,71.73,85.35,4.31,5,77.89
1.17,61.79,86.97,4.53,7,80.44
7.11,97.04,72.77,7.51,4,115.67
2.9,84.21,53.21,6.57,0,79.27
3.39,53.25,50.26,6.49,9,77.81
5.42,93.52,80.89,5.87,8,115.93
1.48,85.07,53.05,7.02,3,71.75
6.17,80.25,69.67,8.26,6,110.34
2.32,86.62,81.21,5.38,3,83.57
6.3,62.67,52.55,8.22,2,89.84
7.3,80.02,49.6,6.08,4,97.96
1.92,90.73,42.19,6.5,9,79.95
4.73,52.71,48.12,7.65,10,89.02
7.25,56.53,86.83,5.29,6,110.58
4.73,92.12,45.75,8.61,0,89.47
1.45,80.92,52.3,7.51,10,80.07
5.82,76.56,41.8,7.09,10,97.94
6.97,62.41,77.2,5.37,8,103.77
5.63,64.75,52.74,7.48,0,83.96
9.5,93.63,62.75,5.29,3,116.78
6.28,71.08,47.66,8.08,4,97.95
9.13,53.22,60.75,4.06,1,97.6
2.24,94.85,63.34,4.83,1,73.29
2.25,60.17,66.01,6.79,7,83.47
8.27,91.31,63.26,7.56,10,120.53
4.58,94.09,45.65,6.46,5,89.59
2.49,74.34,82.49,8.39,9,98.17
9.35,79.92,47.55,8.88,7,115.12
4.13,76.36,63.34,6.32,3,86.11
7.76,81.24,54.96,7.84,10,111.81
7.53,92.75,56.56,6.47,3,108.8
8.95,64.11,76.98,7.33,7,118.61
6.61,94.19,68.48,5.12,6,108.36
7.76,78.38,50.45,4.55,2,94.4
4.14,55.76,65.8,8.9,8,96.87
3.43,61.35,58.67,8.07,0,73.24
9.06,79.8,78.75,5.43,8,125.66
4.85,61.97,52.44,6.93,7,91.68
9.68,56.57,86.47,5.9,3,114.07
6.97,58.09,68.94,4.88,4,95.01
6.6,92.24,67.53,6.09,8,115.26
2.03,80.11,53.95,5.49,0,67.14
9.55,98.18,50.24,4.08,3,112.11
5.05,67.28,65.95,5.94,6,92.5
6.21,79.78,94.0,8.6,7,118.42
4.67,79.95,47.31,8.14,10,99.03
3.13,80.79,55.59,6.87,7,84.18
9.13,52.96,84.04,5.59,2,105.96
6.16,87.52,76.56,5.16,7,106.78
1.03,97.41,55.33,8.78,9,88.62
6.55,76.73,57.31,6.82,6,102.47
3.94,59.63,63.1,5.09,10,84.86
5.74,87.65,73.15,5.25,2,92.64
8.97,50.37,79.56,8.8,7,121.25
4.22,66.41,87.15,5.19,2,94.14
9.18,95.88,77.46,4.53,6,123.72
6.61,79.42,53.03,4.92,4,97.89
1.14,92.76,90.91,7.83,5,93.23
9.36,80.23,82.97,7.54,4,129.87
7.22,91.13,56.91,6.19,1,96.2
9.98,93.97,56.77,7.97,10,132.58
2.55,66.05,88.46,6.59,3,81.42
2.23,56.15,46.93,6.07,4,65.53
9.39,86.07,74.84,4.59,10,123.53
7.27,72.02,55.27,8.42,8,109.43
1.59,56.34,85.5,5.38,9,85.03
7.8,79.49,60.05,7.08,2,101.99
7.78,51.8,80.34,8.92,5,111.34
9.31,60.01,50.58,4.95,10,107.79
7.4,89.42,66.48,8.83,5,113.08
2.12,50.6,84.2,7.26,0,73.07
1.18,65.17,61.83,4.64,0,57.98
1.24,51.07,48.89,7.86,4,58.14
1.25,99.87,75.69,8.76,7,90.85
3.22,79.1,81.43,6.81,4,95.91
8.74,64.67,55.41,7.44,7,108.99
5.85,96.45,64.82,4.13,3,93.12
5.98,75.36,89.52,8.95,5,114.26
8.58,72.73,87.96,5.59,4,117.16
2.12,79.39,78.9,4.12,4,76.84
3.51,63.21,72.5,8.04,8,89.35
6.27,65.26,84.96,8.87,0,99.54
9.73,68.58,89.92,7.69,4,129.76
6.05,62.22,40.14,4.01,2,79.48
1.17,79.23,61.85,4.32,2,67.1
8.21,84.79,70.88,6.92,3,114.09
3.1,53.6,80.37,5.68,6,89.28
8.26,98.55,44.81,8.41,0,105.6
4.49,87.65,61.99,8.37,9,104.37
8.77,90.31,55.38,8.94,5,114.82
7.72,87.58,63.29,7.58,1,105.46
6.01,54.0,67.39,8.38,9,107.77
2.23,74.08,76.3,5.6,6,85.55
1.54,72.28,67.29,4.56,4,71.39
2.09,83.62,74.13,8.33,5,88.61
1.4,72.44,72.03,5.52,5,77.33
1.97,85.22,63.56,6.1,0,69.46
3.03,84.08,40.27,7.23,5,74.49
7.42,84.86,50.7,7.03,6,111.15
6.04,80.93,57.61,6.1,8,98.62
1.11,57.55,48.08,5.93,3,60.24
1.65,88.04,72.93,4.61,3,77.18
9.71,89.05,73.63,6.67,3,125.16
6.11,95.21,67.51,5.16,1,98.17
2.83,61.69,57.65,7.77,4,75.41
3.27,58.83,75.93,7.37,4,86.11
7.69,69.55,50.47,4.36,6,91.4
2.76,66.03,40.32,8.95,10,77.59
6.23,90.77,80.42,7.9,6,106.85
9.73,80.68,64.39,5.14,9,124.7
8.62,88.0,78.38,4.15,9,123.03
3.16,71.38,50.18,6.39,5,79.0
5.44,54.97,43.44,5.76,1,73.08
6.58,55.75,60.8,6.73,3,90.88
8.46,68.67,78.28,7.3,3,113.88
2.41,59.69,45.66,7.99,7,73.66
1.17,91.04,50.77,4.07,7,75.53
1.63,79.98,64.97,7.57,7,86.19
5.38,84.44,74.16,5.48,9,103.09
6.46,74.56,81.26,8.93,0,103.72
6.12,54.41,46.04,8.23,7,94.08
3.86,61.75,74.35,6.8,5,85.61
9.9,73.08,61.3,6.99,5,116.3
6.22,59.93,76.85,4.96,2,94.63
4.42,51.27,51.2,5.13,0,70.86
5.96,86.47,69.04,4.77,7,106.55
7.71,86.25,49.47,5.89,0,99.52
7.02,66.52,41.03,4.56,7,86.74
3.38,92.17,66.78,6.56,5,94.46
1.6,71.42,50.13,7.19,8,74.7
4.33,93.23,75.11,4.61,2,91.64
6.67,82.85,69.51,5.72,0,98.19
2.89,79.05,82.62,4.35,6,90.56
7.77,60.04,61.61,6.63,10,108.95
1.6,76.48,94.42,7.25,4,90.9
3.34,94.72,68.34,7.08,1,85.37
8.24,65.25,66.34,8.07,6,111.56
2.74,93.55,81.22,5.18,3,89.19
6.76,95.44,71.5,7.09,9,120.99
5.72,66.49,59.94,5.51,6,83.98
9.32,84.15,66.91,4.44,6,109.51
3.37,94.96,50.4,5.53,6,89.86
1.59,53.78,61.65,4.36,2,67.25
7.62,93.93,41.65,8.79,9,112.0
7.95,59.54,65.44,7.64,4,108.29
9.17,92.49,55.1,4.51,0,103.22
9.39,83.36,68.97,7.93,0,116.56
1.13,67.22,41.61,5.76,10,70.13
3.11,57.57,70.53,8.56,0,79.67
6.55,81.77,56.11,6.48,10,108.16
9.54,92.39,71.76,8.36,6,134.42
9.55,91.09,80.3,5.1,4,118.87
6.01,81.41,64.22,5.84,9,104.52
9.24,97.82,76.47,5.83,3,125.04
6.77,79.5,53.14,4.49,8,100.23
4.51,59.89,94.92,5.66,0,90.25
5.37,71.47,53.36,7.3,2,81.79
6.44,66.84,91.75,6.33,8,116.05
5.95,99.6,51.95,8.4,0,93.8
9.34,69.01,67.37,5.35,3,106.4
9.27,99.64,85.16,5.77,9,136.37
4.55,75.94,79.41,5.6,2,88.78
9.67,58.61,78.81,6.76,1,112.62
2.57,53.73,64.22,4.94,0,66.6
2.14,68.52,81.48,4.87,4,81.71
2.22,56.17,90.6,8.7,5,88.52
5.55,81.73,64.27,5.88,1,91.35
1.19,70.7,69.04,6.94,6,75.14
9.53,99.55,43.63,4.28,9,119.91
8.44,96.5,61.49,4.7,1,104.06
1.14,57.46,65.7,4.48,6,64.57
2.59,69.74,89.23,8.06,9,99.29
3.99,73.08,46.08,4.52,8,82.12
2.18,78.05,80.21,6.58,2,85.16
8.29,89.02,70.0,4.78,7,123.15
4.1,74.36,73.36,5.39,1,84.32
9.46,71.0,41.64,8.41,10,115.28
6.24,63.1,48.07,7.16,1,91.13
8.91,95.54,55.62,8.82,3,118.97
8.6,51.11,40.27,7.0,8,98.42
9.15,91.06,76.8,4.05,2,115.04
5.14,59.42,87.86,6.08,9,108.07
5.92,84.29,70.08,4.11,6,105.67
8.19,67.76,69.87,5.57,6,112.97
3.57,98.71,73.86,6.41,10,105.31
5.41,56.14,56.62,6.88,7,97.26
6.39,59.38,60.17,5.19,4,86.93
1.14,94.47,71.62,6.79,3,79.7
6.34,79.17,84.51,5.97,8,111.58
4.9,65.46,51.09,6.53,5,86.12
8.27,50.04,58.01,4.98,6,97.48
3.84,61.38,80.86,4.78,0,77.25
9.04,57.27,58.75,7.77,6,107.88
6.2,60.17,42.62,5.65,0,79.29
2.66,94.82,48.6,7.22,5,80.82
8.09,93.65,50.66,6.83,7,111.98
6.51,85.01,67.23,8.5,5,106.43
1.49,73.52,74.93,8.4,4,84.51
4.78,91.36,88.41,6.22,1,99.58
7.11,74.79,89.64,5.02,2,102.99
9.27,68.17,56.89,7.16,8,119.51
1.0,63.78,81.44,7.18,2,73.93
9.79,96.24,55.53,7.46,1,115.94
4.39,69.35,60.27,8.54,8,96.03
9.76,74.64,56.1,7.91,4,116.86
6.44,62.72,62.75,7.13,4,93.97
8.46,94.25,51.81,7.0,10,124.06
6.17,69.16,57.54,5.06,0,80.36
6.65,64.88,46.71,7.26,10,100.32
3.57,85.88,92.97,8.07,7,106.15
6.28,59.54,67.72,8.61,7,107.18
7.75,55.91,90.77,8.58,10,125.19
8.72,91.85,81.04,6.81,3,120.31
7.8,87.21,65.17,5.3,10,116.96
7.28,79.53,81.5,5.67,1,104.96
8.78,62.14,74.54,8.99,10,125.76
3.9,81.16,56.71,6.63,5,87.29
7.04,81.92,68.69,8.08,2,107.59
5.06,66.38,79.18,6.99,3,92.87
4.44,53.37,56.79,6.53,10,90.86
4.7,94.03,40.69,5.74,1,79.58
4.61,73.0,54.75,6.69,8,92.35
3.86,88.19,83.82,4.03,10,100.75
6.6,62.69,91.15,8.38,8,121.27
4.87,79.57,74.39,6.81,9,111.42
9.76,71.44,47.3,4.12,6,108.98
7.1,69.11,81.67,8.09,6,112.73
2.79,56.34,68.98,4.68,1,68.22
4.84,62.21,81.46,4.15,8,95.81
4.09,53.97,87.22,6.31,5,90.83
8.18,65.14,92.11,8.8,0,110.99
8.92,87.09,76.0,4.47,10,124.42
9.13,80.75,86.98,4.33,10,127.09
6.96,83.62,80.84,8.4,4,118.13
3.43,50.42,79.99,8.11,7,93.18
3.27,83.92,87.23,8.1,4,99.61
8.69,75.16,90.77,6.34,10,130.89
5.75,61.55,89.61,6.14,5,106.7
8.22,58.74,61.77,6.01,0,98.57
6.15,59.25,44.62,6.91,8,94.23
7.6,92.21,85.63,7.64,5,122.99
5.67,99.13,69.64,7.92,9,117.67
7.94,95.69,69.81,7.27,10,123.81
6.12,67.37,85.38,6.81,3,106.06
5.19,89.01,41.76,6.06,4,87.44
4.08,77.32,88.29,5.6,2,97.13
1.61,90.82,41.9,5.43,7,75.88
4.4,74.19,78.13,5.48,8,107.26
1.72,79.5,72.31,7.41,3,81.36
9.85,89.36,75.3,7.81,4,131.49
2.63,55.01,60.57,6.99,8,78.08
8.31,76.85,55.15,5.11,7,109.8
8.87,68.3,68.02,4.97,5,112.59
7.2,80.22,88.72,7.83,0,111.4
6.13,97.94,71.09,8.89,2,110.23
2.45,69.64,76.47,4.08,5,83.95
5.2,69.65,64.28,5.24,6,96.0
4.11,89.53,93.47,7.96,8,112.38
3.03,82.25,80.84,7.6,7,97.74
6.33,69.69,59.52,5.23,3,93.38
3.81,84.45,75.94,6.77,5,98.62
9.25,70.2,69.84,6.93,4,116.2
9.19,56.81,88.62,7.61,7,129.97
3.31,72.53,55.13,6.32,5,78.82
2.0,66.72,45.94,6.02,5,68.35
2.74,60.9,50.52,5.54,0,63.3
5.5,96.29,61.29,5.19,7,97.3
7.56,84.48,86.97,4.46,7,116.79
2.87,79.94,54.9,7.23,8,84.24
3.23,87.33,74.45,7.35,5,94.6
8.67,77.1,74.3,7.44,9,126.63
4.74,85.03,62.44,4.02,10,94.27
6.55,96.53,42.77,6.19,1,97.21
3.1,93.13,80.97,4.61,2,89.16
1.92,58.37,56.26,6.63,2,66.61
5.64,63.16,61.92,8.9,6,98.69
5.29,53.58,60.75,6.5,10,97.49
2.37,98.93,76.5,5.87,9,99.73
6.6,61.82,44.75,8.07,3,93.05
5.9,83.03,70.24,8.84,8,110.48
6.89,54.48,40.85,5.44,5,85.74
2.3,60.54,94.07,8.02,2,94.29
7.76,75.14,72.91,8.98,0,108.55
3.0,55.25,61.13,4.56,0,62.91
5.67,69.44,48.07,6.66,5,91.65
8.07,76.9,78.33,8.07,0,106.48
1.2,66.96,89.82,5.88,0,71.25
3.92,77.8,57.5,6.23,1,81.83
8.86,76.84,82.16,7.75,7,126.38
8.6,69.53,55.81,4.49,4,99.7
5.85,84.81,92.65,5.8,1,104.48
8.8,83.92,78.63,6.82,0,114.1
9.55,84.37,74.38,5.19,8,131.21
8.44,78.07,91.19,8.2,6,125.42
8.69,67.9,54.8,7.83,6,105.38
1.89,80.66,90.8,8.83,3,92.84
6.86,96.79,77.29,6.61,0,108.28
7.33,79.84,82.42,4.53,5,111.69
6.49,98.98,71.44,8.68,1,106.81
8.2,72.05,85.86,8.17,0,110.48
1.31,86.98,78.41,6.72,3,85.28
7.93,51.88,48.06,8.18,3,95.52
7.59,88.24,73.69,8.41,8,122.51
3.34,75.91,55.36,7.88,5,80.3
3.31,50.27,90.37,6.86,9,99.59
6.69,63.86,50.9,7.08,8,101.58
4.11,76.74,55.71,8.22,0,85.17
8.17,88.4,42.62,7.11,2,98.15
5.02,52.65,64.62,5.03,2,81.56
8.04,77.45,70.67,7.46,5,115.15
9.91,90.05,71.55,6.66,4,126.31
3.7,82.48,89.8,5.32,0,88.67
2.29,96.57,59.11,4.0,10,86.55
9.11,53.74,64.61,5.18,0,89.92
5.87,63.84,86.82,7.37,4,103.84
9.77,95.96,71.73,8.39,10,133.81
6.73,88.25,75.97,8.15,3,116.21
9.95,79.99,55.31,4.54,8,115.42
5.91,91.65,66.81,4.36,3,101.23
5.74,94.8,74.15,7.81,4,105.75
2.22,98.64,47.34,5.42,3,78.17
4.2,99.93,41.81,5.36,9,87.57
1.24,56.98,46.24,4.01,8,62.22
2.44,53.53,66.26,4.49,8,74.46
7.71,53.67,41.32,4.68,10,90.78
1.27,50.74,74.44,4.8,3,69.13
4.3,98.59,45.37,6.23,2,84.4
8.76,54.74,53.8,8.07,6,109.27
7.23,92.09,63.46,8.06,0,100.71
7.22,84.26,46.37,8.55,3,95.25
2.7,74.38,54.88,6.22,5,74.16
4.98,67.33,41.16,7.54,8,88.11
6.23,67.68,94.18,6.44,5,113.88
9.91,62.69,73.64,4.25,6,116.01
2.84,95.55,60.81,4.4,5,83.44
3.23,86.28,41.46,5.23,4,77.15
3.36,51.3,61.44,8.91,3,75.62
7.75,73.08,64.89,7.46,6,115.38
5.11,64.07,91.21,5.34,4,95.99
1.51,51.45,55.32,7.53,4,68.75
5.58,94.23,73.81,7.31,8,114.43
2.91,88.55,76.58,4.22,0,77.62
8.19,66.49,50.23,5.81,10,107.57
3.68,89.83,67.82,7.87,2,91.68
1.25,66.23,83.26,4.39,1,66.79
6.34,65.39,45.31,8.42,5,96.02
8.59,96.41,73.33,8.65,8,130.56
4.43,98.85,41.43,8.27,2,87.68
7.75,76.18,40.39,4.59,0,89.73
5.6,97.6,43.27,6.83,3,93.67
5.87,94.4,66.48,7.54,6,104.16
9.63,75.9,90.91,8.44,3,131.81
8.24,68.64,62.31,4.48,1,93.18
1.29,85.52,44.13,8.08,4,75.59
7.38,72.78,87.37,5.39,6,113.62
5.19,80.26,68.56,6.96,2,93.22
9.53,99.52,57.54,7.6,10,129.02
2.99,88.7,92.97,7.89,4,105.6
3.4,66.71,91.6,5.47,4,94.54
1.73,54.45,54.3,7.04,1,64.9
4.86,59.25,51.08,5.44,5,80.32
1.98,76.34,72.39,8.99,8,92.27
6.7,70.86,86.34,8.07,1,111.01
8.23,90.03,58.52,6.07,1,100.23
7.27,96.66,72.25,8.4,2,109.45
7.9,58.89,48.92,7.66,5,97.81
4.08,93.0,50.7,8.64,0,84.52
8.61,97.87,81.87,4.86,8,117.84
4.86,97.97,48.26,5.47,0,85.95
8.42,51.89,54.62,4.47,10,103.85
6.64,52.88,77.92,5.59,5,96.66
2.29,50.29,40.83,5.91,9,67.91
1.71,65.63,41.77,7.16,1,66.52
1.16,52.78,55.81,6.36,8,69.3
1.6,64.69,58.51,7.59,6,72.11
5.13,67.8,59.92,5.35,8,92.03
2.02,97.68,84.4,4.87,9,94.17
1.25,73.85,41.98,5.9,8,68.17
7.79,63.91,59.71,6.19,2,94.1
4.55,75.15,75.11,6.11,9,96.63
7.72,82.17,47.87,8.57,8,115.49
5.07,55.56,87.18,5.35,9,100.53
5.05,87.9,75.51,5.76,3,100.55
5.3,92.6,46.34,5.08,5,91.52
5.27,92.21,51.45,5.86,9,97.05
8.23,94.53,81.0,5.95,6,125.91
4.62,69.09,62.19,6.88,9,97.93
9.14,72.19,66.65,5.39,3,115.19
1.33,55.08,88.81,5.3,5,78.22
7.96,61.29,47.56,7.6,0,89.11
2.13,98.57,93.04,8.55,4,104.34
6.57,64.23,42.34,4.61,6,84.0
1.09,95.37,45.47,4.91,7,77.7
5.85,94.53,52.28,4.67,4,95.58
1.03,96.13,84.36,7.42,1,84.63
9.56,57.81,65.07,5.07,7,112.55
9.15,93.99,75.93,7.02,2,112.99
8.16,81.6,49.59,5.01,2,100.67
9.24,60.53,49.17,8.09,4,100.8
2.31,67.26,68.65,5.58,8,81.09
2.42,58.0,80.72,7.35,5,86.1
2.69,72.22,65.44,4.74,5,78.49
6.6,54.19,87.83,5.53,5,106.74
9.15,58.27,76.32,5.49,2,106.47
9.91,59.86,53.7,7.18,10,114.04
7.4,84.55,52.92,7.4,0,98.76
7.59,78.69,60.57,8.23,8,112.43
9.18,93.67,81.61,4.92,5,123.05
4.61,62.23,91.59,7.8,4,97.98
3.25,81.48,87.4,7.56,10,105.77
2.56,51.72,54.39,6.79,10,75.17
2.08,75.81,62.68,7.25,2,78.94
8.31,93.16,73.63,4.45,5,116.68
2.32,99.21,70.08,4.73,6,92.43
3.38,50.49,61.41,6.08,4,73.92
8.37,62.64,45.58,7.56,9,108.63
3.8,61.19,79.17,4.84,0,78.93
9.84,52.38,44.85,5.94,4,101.13
3.4,50.51,87.63,6.49,1,81.21
5.8,74.51,87.49,8.68,5,112.56
3.83,52.27,78.96,4.28,0,76.53
9.2,63.92,66.75,8.15,7,123.32
4.3,82.0,78.45,8.92,0,87.61
4.9,64.73,61.72,5.34,2,81.57
5.61,63.48,83.86,8.45,6,111.25
9.45,79.53,83.25,5.45,2,122.46
1.28,69.03,48.55,8.0,1,64.58
7.45,85.13,57.48,6.3,0,95.53
9.02,74.81,58.92,6.99,9,115.98
1.25,81.66,60.03,5.18,0,65.9
5.7,67.67,71.17,7.44,1,89.3
3.93,64.35,42.29,4.74,5,67.36
8.74,56.66,76.3,6.8,0,104.98
6.03,96.85,51.09,6.47,5,97.81
7.21,90.24,62.91,8.19,4,106.1
5.08,96.9,64.8,6.41,4,103.81
6.65,59.27,59.18,7.92,8,103.14
3.61,96.66,61.08,6.0,2,83.1
1.08,96.79,49.92,5.54,8,76.43
6.19,64.18,43.75,7.94,8,96.89
3.8,63.73,70.32,6.09,9,93.86
5.66,77.57,72.77,6.48,4,100.2
9.25,59.26,48.0,6.89,0,93.52
4.84,72.11,52.7,8.1,0,79.89
3.23,59.27,55.75,6.91,1,68.77
4.34,97.37,85.69,6.03,3,101.78
9.39,74.69,48.44,4.8,3,101.74
9.43,98.2,70.37,7.51,1,121.13
8.6,82.25,71.25,8.42,10,122.78
9.28,74.22,58.89,4.54,9,114.54
3.05,98.38,59.28,6.33,9,91.63
1.79,57.16,92.75,8.67,3,88.48
3.05,81.62,70.43,6.82,5,90.38
3.83,83.09,75.9,6.73,6,99.09
2.57,71.69,66.99,4.32,8,81.36
6.46,52.97,75.57,6.68,1,90.11
4.72,74.64,73.29,7.27,7,102.33
8.35,73.26,47.98,4.73,8,108.76
2.67,90.34,58.41,8.78,1,83.68
7.32,62.83,65.32,4.98,5,98.31
3.16,69.57,47.03,7.37,9,81.63
6.17,62.01,59.97,5.37,4,91.99
4.14,84.32,52.55,4.54,1,72.34
1.51,99.49,86.61,5.3,1,88.67
3.06,58.87,58.78,5.67,3,72.48
6.98,91.07,52.47,6.32,4,102.79
5.48,61.55,62.45,5.17,7,87.82
5.67,52.9,77.57,7.64,10,103.76
2.57,56.94,43.61,8.04,3,74.3
6.14,96.76,49.94,7.95,3,101.37
9.97,94.43,78.19,7.58,3,129.27
8.35,64.46,81.37,5.35,0,102.37
6.35,97.39,73.98,5.05,6,113.81
9.78,92.5,88.36,4.55,4,132.25
9.11,71.73,49.28,5.98,4,103.14
6.36,73.4,78.7,4.44,7,105.43
1.29,81.49,90.45,7.28,5,86.91
1.84,57.9,48.29,8.75,3,64.97
1.59,50.74,53.41,7.78,3,66.05
5.07,63.28,70.07,4.58,7,94.34
4.38,50.77,58.93,4.1,2,74.35
9.78,83.72,77.99,5.67,1,120.07
2.51,77.57,43.17,8.96,8,77.65
9.76,66.08,48.84,5.56,3,107.11
7.91,89.01,79.39,7.69,4,120.94
8.42,57.29,93.38,7.58,6,122.64
6.69,62.24,91.13,6.86,7,109.67
7.02,64.62,89.56,5.84,7,111.51
5.29,59.8,47.03,5.04,3,81.47
1.12,54.4,48.03,8.9,9,82.65
4.18,93.5,43.97,4.33,1,72.18
5.43,54.41,69.84,5.18,4,86.59
7.57,84.19,88.54,5.54,10,132.86
5.22,56.02,69.25,8.55,10,106.59
5.12,50.53,82.99,7.57,4,91.52
2.24,77.86,50.36,5.33,7,76.55
1.1,95.36,87.47,4.82,1,84.86
7.82,93.02,50.31,8.4,1,109.88
3.88,66.92,43.01,7.97,10,87.12
9.86,51.36,63.18,4.19,6,101.88
2.98,90.04,70.53,8.4,1,96.26
4.05,90.3,93.39,6.94,7,105.82
5.72,93.42,45.05,6.29,4,96.61
7.79,83.48,55.07,7.37,2,109.97
5.17,90.39,45.78,4.2,8,95.16
2.12,94.87,61.47,5.65,5,80.74
3.81,72.69,55.9,4.44,9,83.42
5.54,77.89,68.23,7.42,0,88.46
7.06,75.31,59.15,5.99,10,110.11
7.93,84.6,91.05,6.39,8,124.16
2.17,84.15,83.45,5.45,2,79.56
1.21,76.02,87.36,7.94,6,86.7
5.67,91.42,47.12,4.23,4,89.15
8.29,75.29,71.63,5.41,10,116.92
1.11,91.24,51.81,6.95,5,76.54
7.05,64.09,87.75,7.95,0,108.35
7.18,58.92,40.83,7.01,10,100.37
5.04,98.49,45.82,7.65,3,96.43
9.23,87.1,60.68,4.12,4,111.03
6.8,62.99,62.12,5.27,10,108.46
1.05,79.06,55.25,4.21,5,67.83
5.36,97.76,45.28,6.5,6,97.86
8.73,54.04,46.53,8.95,3,102.24
8.47,54.18,57.49,4.07,10,106.87
6.84,80.96,92.29,6.2,7,119.2
7.06,61.22,51.41,4.02,8,95.72
6.21,88.26,81.1,7.06,5,112.07
3.47,78.41,54.2,4.92,5,82.66
6.04,83.31,42.05,7.56,8,100.09
7.05,55.39,40.88,4.8,1,74.19
4.17,54.21,48.4,8.14,0,75.91
8.7,81.26,65.41,5.03,10,118.26
2.76,70.49,81.57,5.76,1,84.5
7.73,54.36,80.08,5.15,1,99.38
3.61,68.55,59.38,8.04,4,87.87
7.96,83.61,66.35,6.45,5,112.2
4.85,59.48,84.77,8.37,7,99.54
8.27,94.79,86.11,4.65,4,122.09
4.18,97.49,57.6,6.49,6,88.39
2.92,98.08,40.23,7.88,7,85.96
7.91,86.5,42.58,8.91,3,102.06
3.78,70.31,80.58,7.37,2,96.96
7.6,87.19,54.99,4.92,3,97.68
7.7,64.4,66.48,7.8,10,117.91
2.99,65.72,50.56,4.37,3,73.35
2.93,80.29,86.59,7.81,9,104.19
2.79,79.74,67.69,8.14,4,92.03
2.28,93.93,68.99,6.8,1,81.78
4.39,62.73,55.84,6.46,0,67.2
1.24,88.31,68.16,8.68,5,80.62
2.0,97.05,40.11,4.0,2,65.15
7.07,50.05,55.25,4.05,3,84.35
8.2,73.8,59.18,5.26,7,103.27
1.72,82.85,55.62,6.53,8,85.11
3.09,92.17,44.73,6.7,9,86.86
2.87,59.19,68.7,5.86,9,90.17
9.26,92.81,83.37,5.46,7,126.46
7.4,68.22,91.84,5.01,3,109.84
5.98,94.61,67.35,8.0,9,113.57
3.74,51.39,72.66,5.58,8,89.44
8.51,54.27,56.0,6.46,0,96.14
4.92,99.07,48.2,8.06,9,107.39
9.31,80.48,47.25,7.06,1,101.61
7.35,70.88,80.28,6.04,1,101.69
5.3,58.46,80.4,4.88,6,92.91
2.14,82.5,49.86,5.99,3,69.45
9.78,51.85,62.75,6.43,5,107.26
2.44,65.58,72.68,8.95,4,88.42
2.82,66.17,46.89,5.42,1,64.05
4.88,80.37,83.2,4.83,0,91.9
4.64,82.54,74.1,5.1,4,95.31
2.32,92.3,73.84,5.06,8,90.25
7.56,96.38,78.57,4.38,2,106.74
2.7,83.02,94.3,5.82,4,93.21
6.8,78.91,70.93,5.42,5,105.73
7.79,69.94,87.54,8.44,6,122.68
2.9,98.33,63.03,7.9,3,90.02
6.41,57.7,76.0,4.55,5,96.46
7.74,94.75,90.89,8.25,4,116.41
6.74,65.55,76.53,4.55,4,99.17
6.37,77.42,56.67,7.6,4,101.7
3.66,84.1,74.1,6.86,4,96.28
7.58,61.82,59.32,4.43,2,97.35
9.51,58.39,57.73,8.53,10,121.37
4.83,75.42,73.56,8.37,4,95.75
8.04,89.59,48.82,8.22,7,111.16
1.51,84.62,66.77,5.85,10,85.18
8.52,55.95,92.01,5.11,5,111.87
2.73,95.04,61.12,8.99,10,96.48
4.56,73.99,50.39,8.09,10,95.99
3.7,97.33,65.79,4.21,0,85.73
1.72,77.67,86.25,5.87,5,90.35
9.14,54.24,86.35,8.06,4,118.02
4.33,60.12,85.53,6.64,0,83.86
5.78,92.71,40.63,5.24,1,88.13
5.45,85.3,54.69,7.96,4,96.97
2.19,94.75,94.99,5.31,3,95.11
2.86,66.46,46.58,4.0,8,72.92
1.69,76.4,66.95,5.16,1,68.0
5.57,82.52,83.45,8.97,0,103.59
3.35,79.71,46.72,7.28,4,77.44
4.21,61.57,76.43,5.1,2,84.33
1.97,71.34,66.84,7.43,3,72.76
8.09,62.41,50.69,7.43,8,109.93
1.96,92.28,88.32,7.2,8,98.56
9.87,99.33,49.98,4.35,1,105.86
2.59,53.33,75.15,5.21,4,73.32
6.15,85.7,80.75,8.35,6,114.3
1.4,66.51,70.95,7.67,9,86.29
8.08,81.27,74.59,4.84,5,107.51
2.71,62.91,46.54,5.49,10,77.84
5.75,82.55,56.94,6.81,9,102.36
7.66,68.56,72.28,8.13,3,107.32
2.35,64.74,61.75,5.0,10,82.28
5.96,95.59,76.52,4.51,9,116.86
2.95,97.12,86.86,5.91,2,95.21
7.83,80.68,50.46,8.56,0,102.82
7.51,60.72,89.68,5.3,9,122.04
2.59,96.97,61.07,4.54,10,92.97
8.76,87.52,91.87,4.28,7,120.44
1.18,87.55,73.96,5.76,4,77.48
8.74,60.59,83.46,4.19,0,105.58
6.03,91.51,68.31,6.92,10,111.67
4.63,62.0,69.21,7.36,3,89.17
7.83,81.58,58.02,6.3,9,114.78
7.45,85.54,47.12,7.71,7,110.74
9.89,87.12,61.11,6.51,5,120.82
3.5,69.51,51.82,7.51,0,73.89
1.03,87.99,41.81,5.15,1,59.59
9.41,95.15,55.12,7.72,7,122.51
8.72,79.37,49.93,6.51,10,115.13
7.56,54.52,88.15,7.53,3,111.1
5.65,56.45,44.47,6.23,7,86.03
7.36,55.26,50.11,6.53,6,95.99
8.02,58.64,78.72,4.21,1,103.37
4.37,56.32,90.56,6.45,6,100.09
7.93,88.92,53.83,4.71,10,114.27
7.76,51.97,41.17,4.71,1,79.11
6.52,62.08,92.83,6.17,0,97.85
4.62,93.95,77.52,6.88,7,111.42
7.28,98.68,57.09,5.72,3,107.72
1.03,80.27,65.98,4.8,4,71.34
7.97,98.81,72.96,7.71,2,113.59
9.07,52.17,60.56,8.82,7,112.88
3.15,97.43,88.1,7.67,6,104.62
2.09,65.56,79.94,4.39,5,81.87
2.98,89.95,92.49,8.2,2,90.91
3.72,90.53,59.31,4.34,5,87.5
8.95,93.0,91.54,6.18,7,132.99
5.89,72.93,66.35,8.64,10,109.65
3.58,96.53,75.33,5.32,5,94.13
2.25,62.89,80.52,4.64,1,67.59
3.61,96.72,84.51,7.81,6,106.22
6.52,80.96,61.79,8.64,7,110.28
3.92,99.27,64.64,5.63,5,93.85
5.12,51.63,84.95,5.16,1,86.84
5.0,86.26,79.47,4.91,2,101.75
8.45,78.28,91.75,8.82,7,137.83
4.84,74.62,93.88,6.88,5,101.05
4.11,62.96,49.84,8.3,3,77.93
7.07,66.34,52.54,5.54,5,93.23
2.99,62.47,79.38,4.28,2,83.18
5.21,60.96,81.11,6.27,5,97.41
3.83,89.98,73.17,5.04,10,96.22
6.64,75.12,88.25,6.59,5,111.99
8.9,54.16,53.86,6.69,6,106.27
5.03,88.85,58.67,5.47,1,87.99
8.06,76.68,67.21,5.54,0,105.38
5.11,86.97,57.33,4.12,9,92.11
6.91,75.77,70.0,6.1,2,97.45
2.19,70.0,77.54,5.62,5,82.24
4.9,99.31,52.12,7.1,1,90.38
9.18,51.41,66.69,8.3,9,120.01
6.45,96.64,94.61,6.46,1,116.12
7.9,96.54,57.83,4.41,9,116.01
5.54,69.55,41.94,8.67,2,87.59
5.48,60.72,84.95,8.04,9,105.81
8.59,80.96,67.68,5.83,2,105.01
1.61,58.9,42.9,5.65,3,58.97
6.16,90.16,88.97,8.69,7,122.3
9.48,62.7,62.25,5.87,9,121.66
5.66,64.54,91.11,7.18,7,107.77
2.75,95.8,62.11,8.93,5,88.54
8.63,95.15,44.23,4.18,9,115.51
3.26,76.77,53.49,5.57,6,81.57
7.31,93.14,59.26,5.16,2,101.94
5.86,67.63,81.29,8.61,9,106.6
9.54,99.89,50.16,6.76,4,118.23
6.62,71.68,63.7,4.27,7,98.23
8.54,64.74,88.03,7.78,1,114.31
1.07,52.08,69.36,7.42,9,77.87
9.9,99.49,45.67,7.31,1,115.41
1.7,73.24,41.35,8.78,9,77.29
3.9,86.73,78.82,8.37,10,106.34
9.52,82.04,93.85,7.77,1,126.2
1.08,86.15,83.18,5.11,4,80.52
8.4,52.56,82.06,4.69,6,105.6
8.75,96.0,77.15,5.1,8,127.46
4.96,96.34,83.75,5.03,6,108.18
3.3,77.6,42.2,6.84,5,79.9
8.22,98.2,54.56,7.32,4,114.82
5.3,64.05,78.25,6.64,10,105.18
2.21,80.11,87.68,4.28,4,84.19
9.35,69.82,77.1,5.82,9,123.95
9.06,81.4,49.7,8.84,8,121.73
5.42,65.03,91.5,7.48,8,112.54
8.71,90.97,89.69,5.85,1,114.86
4.77,53.49,44.77,7.36,6,86.62
7.15,52.09,50.62,5.33,9,98.75
4.58,52.47,55.14,4.39,8,84.54
5.55,57.52,80.61,6.64,1,92.79
2.71,69.77,87.27,5.45,5,83.76
9.68,97.77,71.81,6.41,2,120.29
3.65,55.54,50.98,8.51,5,78.37
1.93,82.38,62.83,7.26,5,79.64
2.3,76.38,47.58,7.62,5,77.24
1.13,67.66,90.46,4.51,4,78.89
7.44,59.91,82.05,6.4,7,113.55
6.08,61.03,68.06,6.02,9,99.5
8.15,52.19,64.95,7.23,6,99.03
5.56,85.66,45.38,5.44,1,87.24
8.13,82.69,57.53,5.92,2,101.37
7.26,72.19,46.63,8.91,1,92.91
8.0,85.95,83.03,4.57,1,109.43
4.66,55.5,69.97,5.0,4,83.62
6.83,96.94,52.5,5.2,1,92.53
2.62,92.38,52.33,7.48,6,89.72
3.9,82.95,54.32,7.57,5,90.31
2.55,68.94,56.99,7.92,3,79.66
4.68,70.83,61.32,5.91,9,90.92
3.17,74.11,56.37,8.26,8,94.73
4.66,96.76,77.38,7.49,2,103.88
9.78,93.18,41.93,7.57,3,114.28
3.88,73.9,58.05,8.11,3,82.27
9.84,77.73,80.99,7.14,4,121.31
6.73,93.77,91.85,6.11,3,115.55
4.38,97.46,84.15,4.15,10,111.67
8.72,81.96,53.25,6.98,7,115.29
6.58,87.43,52.81,6.82,10,107.84
3.27,67.58,50.47,7.0,3,75.11
8.14,95.9,88.54,5.61,8,125.3
4.9,91.84,53.08,6.77,5,95.8
4.22,77.6,81.7,4.86,6,98.37
3.97,93.38,54.36,7.25,0,80.36
7.28,92.49,41.82,4.36,9,102.67
3.42,90.42,80.34,8.38,3,98.44
8.27,56.53,79.94,5.08,0,100.53
3.66,76.8,44.89,5.47,1,73.71
5.9,95.04,57.97,8.42,0,96.39
5.39,88.54,92.16,8.42,2,110.36
8.7,71.04,48.96,8.18,3,101.69
9.0,98.89,44.77,5.63,2,111.11
2.66,62.54,72.7,8.51,0,74.76
6.27,66.68,91.2,7.86,2,107.48
9.08,97.71,47.36,7.29,6,113.49
5.02,90.44,68.22,8.5,6,109.27
9.3,95.02,77.62,7.92,3,126.57
3.51,50.58,49.45,6.12,3,68.29
6.48,68.99,40.62,5.62,10,96.19
7.14,61.78,88.82,5.97,8,118.19
3.05,64.8,41.94,4.31,1,65.09
1.12,86.9,54.16,5.82,4,72.15
4.75,86.2,75.84,5.77,9,109.99
9.45,73.09,55.72,8.33,5,116.49
4.09,68.26,40.53,8.44,5,79.11
8.02,79.23,71.65,8.82,7,117.16
2.57,76.69,56.93,5.64,7,82.81
4.08,77.53,48.33,7.47,6,86.73
2.3,80.77,93.42,7.17,8,101.36
7.45,69.78,49.07,5.21,7,99.84
7.29,88.59,80.0,8.35,9,127.88
7.2,62.56,88.99,5.07,1,104.75
3.28,82.79,87.23,7.74,2,101.08
7.23,98.02,50.13,4.72,1,99.51
3.05,50.18,53.02,4.53,5,69.34
4.82,86.17,41.01,7.6,2,86.63
4.35,55.45,91.23,6.63,10,106.46
4.2,77.19,88.79,6.21,2,94.29
1.52,81.35,72.75,7.89,10,91.64
6.68,62.15,46.02,5.79,9,95.05
7.37,95.69,49.54,8.27,2,104.93
6.52,81.12,71.73,8.81,10,111.25
6.83,61.58,53.84,8.9,10,105.86
2.53,88.51,56.51,5.39,2,76.18
2.35,55.28,49.4,6.08,2,61.16
5.63,77.76,50.43,7.63,0,80.85
8.88,54.75,65.49,8.47,1,105.95
2.66,79.05,68.04,7.56,3,86.06
5.17,62.65,68.14,7.79,4,94.07
4.86,82.47,94.84,8.42,10,119.37
5.48,85.79,47.13,5.83,10,97.15
2.45,76.21,81.59,6.71,7,89.57
4.08,82.88,83.66,6.67,7,97.79
3.36,90.66,72.17,7.24,7,96.91
8.6,90.38,65.45,8.48,0,116.62
8.2,80.98,89.14,7.0,3,114.53
4.84,72.56,85.55,8.85,2,98.64
6.46,70.4,42.77,7.66,6,92.8
2.31,93.74,92.96,6.08,8,98.99
5.59,85.15,40.4,6.91,9,99.24
3.67,59.25,71.52,8.61,3,88.83
8.74,78.29,71.48,7.09,9,129.8
7.04,95.44,85.89,7.55,7,129.27
6.7,57.53,61.16,7.31,4,99.81
2.12,92.28,45.01,5.68,0,64.7
5.24,91.01,71.99,5.02,5,89.81
9.88,74.97,41.37,6.04,7,110.94
9.53,51.88,59.9,4.75,9,108.89
6.81,57.38,94.19,8.13,6,114.33
2.37,96.13,87.78,7.55,9,101.1
6.75,52.21,48.39,6.01,9,94.57
6.09,68.62,83.94,4.86,0,91.83
5.22,80.95,84.6,8.38,10,115.74
4.85,59.85,91.05,7.2,2,95.22
6.39,99.05,52.34,8.98,9,116.65
8.65,57.8,67.44,4.51,9,114.86
7.76,76.98,85.51,5.22,0,105.16
6.21,80.9,76.7,4.42,1,97.1
9.32,61.55,72.67,7.72,2,109.1
1.58,73.32,75.86,4.8,4,68.94
9.92,74.55,53.12,8.41,5,118.11
1.48,88.34,41.4,6.46,4,72.46
2.8,81.71,80.49,6.63,2,88.89
4.8,73.38,57.97,4.21,0,84.35
1.97,83.35,60.72,7.07,2,74.58
6.61,72.67,73.69,5.14,1,95.84
1.43,76.29,76.14,5.07,8,85.21
3.56,82.93,51.16,8.48,0,80.49
1.55,59.06,85.43,8.44,0,73.21
7.33,89.4,60.91,4.03,4,106.35
7.02,80.14,74.75,8.16,6,113.2
4.41,99.02,93.15,8.51,8,116.49
2.69,61.12,71.06,6.56,5,82.23
7.72,73.31,59.74,7.28,7,104.6
4.06,94.78,74.04,7.84,7,103.21
8.16,80.07,67.6,7.43,0,101.12
5.39,86.3,64.88,6.3,5,93.57
5.73,70.68,80.27,6.87,2,100.44
1.26,84.22,90.85,6.87,2,89.11
6.8,97.3,66.36,8.21,8,117.8
4.16,60.01,44.85,5.2,2,65.04
3.06,90.37,71.33,7.79,6,96.5
4.9,98.48,53.47,8.06,10,108.66
4.44,50.73,42.18,7.99,10,88.34
5.23,60.76,83.35,8.04,4,100.31
9.82,55.87,55.0,8.15,4,111.57
4.28,88.37,82.74,6.09,8,103.94
7.97,54.06,66.85,7.09,2,101.82
5.97,99.92,57.49,7.78,0,99.6
9.0,69.48,57.27,7.85,8,112.11
4.19,95.26,42.31,8.79,0,85.41
3.21,59.43,69.39,8.88,1,84.29
9.2,72.04,85.3,6.82,4,121.22
1.39,92.24,44.61,6.33,9,77.07
9.56,79.76,45.97,8.18,10,122.9
6.01,73.11,69.11,5.1,5,101.59
4.39,75.63,76.31,7.83,9,102.53
9.96,78.69,78.21,4.96,7,118.83
1.53,72.02,57.23,6.96,2,73.99
5.65,59.68,42.08,7.03,0,76.01
1.28,55.7,62.8,6.21,4,67.53
6.14,57.56,52.43,8.32,6,95.45
2.62,52.62,40.06,6.72,5,61.88
6.68,77.93,77.71,6.46,2,104.79
9.83,92.39,92.36,6.09,3,129.72
8.87,67.96,61.51,4.31,6,109.44
5.07,53.77,56.52,5.81,3,80.68
7.38,71.29,70.46,4.46,1,96.44
8.0,80.1,86.86,6.83,10,132.19
5.45,71.27,83.72,7.2,3,99.92
5.76,90.54,77.66,7.84,2,106.19
2.36,97.09,63.77,7.16,6,89.37
4.32,93.5,77.97,4.94,1,89.16
2.28,85.2,51.88,7.75,3,77.61
7.54,73.51,55.62,6.74,7,104.86
5.29,84.13,82.78,4.51,9,109.22
5.04,50.67,91.15,4.12,6,92.37
8.97,99.12,50.45,5.49,3,114.32
5.75,58.6,56.28,7.45,4,93.31
4.68,95.31,40.34,8.66,6,89.61
3.42,90.36,63.74,8.83,2,91.33
1.65,90.01,51.57,7.82,9,85.52
4.76,63.45,75.28,5.47,5,91.8
1.23,60.96,79.03,7.11,7,86.85
3.62,71.44,46.53,5.16,5,71.62
5.53,92.47,44.52,7.75,6,101.97
9.69,72.52,89.85,4.83,0,118.14
1.98,96.77,61.41,7.78,0,82.9
7.06,67.63,69.34,8.34,1,102.65
5.5,80.97,92.98,6.6,2,105.85
7.99,99.03,81.75,4.33,2,117.84
2.29,82.17,57.9,6.24,8,83.09
1.75,52.27,44.72,8.19,4,65.54
4.59,73.18,69.48,4.9,7,98.39
8.17,66.74,58.49,4.19,1,90.57
2.73,76.61,41.19,7.66,4,75.33
7.91,64.24,82.41,6.82,10,118.79
3.61,56.11,61.17,4.21,0,60.76
2.95,83.41,71.42,8.92,1,86.5
1.15,84.07,81.57,6.85,3,75.45
4.59,93.36,91.75,6.93,9,112.71
4.43,56.62,73.68,7.95,2,88.2
6.93,89.93,57.35,8.51,1,102.65
1.64,91.34,46.05,4.3,6,69.83
2.37,82.33,44.07,5.74,0,68.89
1.15,60.25,57.58,5.0,9,72.32
2.02,63.07,76.35,6.33,6,84.09
6.87,70.92,78.23,4.46,1,95.6
4.62,77.09,51.42,4.34,10,89.56
3.89,73.87,44.55,5.5,5,74.82
6.02,73.37,56.8,8.52,3,97.62
9.94,91.99,70.12,8.88,1,121.93
8.51,93.51,81.51,7.82,10,135.39
7.3,90.84,69.13,4.0,7,107.38
9.26,93.89,55.78,7.68,3,115.63
1.36,78.55,74.33,4.11,5,73.76
1.63,98.2,54.57,4.84,6,76.94
5.27,80.33,75.9,4.05,9,108.74
4.14,80.2,86.3,4.75,2,90.23
9.44,65.96,75.14,7.44,8,125.5
5.41,84.06,71.11,7.51,1,96.87
5.86,52.6,56.89,5.86,8,92.39
9.06,56.73,88.22,7.66,10,132.73
5.02,56.51,94.39,8.24,8,102.73
8.89,82.76,82.76,4.65,9,127.15
3.28,58.77,71.55,4.44,10,91.4
3.46,67.06,47.77,5.86,4,74.48
3.96,52.22,57.32,6.02,3,74.92
5.93,61.69,60.18,5.38,5,90.17
2.98,98.21,56.05,7.77,9,97.99
7.04,75.46,64.53,5.61,9,105.81
2.29,57.55,73.58,8.0,8,88.42
1.85,76.15,51.71,8.56,0,77.46
8.83,97.18,53.74,6.57,9,124.99
3.13,93.28,46.17,6.15,10,93.74
4.47,69.6,56.92,4.46,5,82.0
6.14,64.19,67.36,5.37,7,95.97
5.73,88.09,66.94,8.43,2,103.61
1.68,62.02,94.76,5.23,0,72.53
8.87,62.71,93.96,7.11,0,113.56
9.56,54.2,64.01,6.48,1,99.11
8.31,93.21,93.46,4.47,2,120.39
3.55,72.39,51.79,8.5,6,87.95
5.75,78.09,69.76,4.34,7,99.05
4.05,86.84,64.94,7.4,4,96.59
5.99,89.82,93.22,8.86,4,117.37
9.77,72.38,85.99,7.55,3,126.12
3.81,59.21,51.78,5.63,0,69.76
7.02,91.44,64.17,4.37,1,100.37
3.93,51.55,49.27,6.9,5,73.26
7.97,97.34,69.1,7.67,3,116.28
